name	referenceEntity.DB_ID	startCoordinate	endCoordinate	compartment.DB_ID	hasModifiedResidue	NonsenseMutation.coordinate	NonsenseMutation.psiMod.DB_ID	NonsenseMutation.referenceSequence.DB_ID	crossReference	DatabaseIdentifer.referenceDatabase.DB_ID	DatabaseIdentifier.identifier	disease.DB_ID	species.DB_ID
BRCA2 G4*	50952	1	3	70101	NonsenseMutation	4	611092	50952	DatabaseIdentifier	1655447	COSV104659054	1500689	48887
BRCA2 W31*	50952	1	30	70101	NonsenseMutation	31	611097	50952	DatabaseIdentifier	1655447	COSV66451214	1500689	48887
BRCA2 Q73*	50952	1	72	70101	NonsenseMutation	73	611061	50952	DatabaseIdentifier	1655447	COSV66464830	1500689	48887
BRCA2 S76*	50952	1	75	70101	NonsenseMutation	76	611079	50952	DatabaseIdentifier	1655447	COSV66452831	1500689	48887
BRCA2 E97*	50952	1	96	70101	NonsenseMutation	97	611100	50952	DatabaseIdentifier	1655447	COSV66461936	1500689	48887
BRCA2 L105*	50952	1	104	70101	NonsenseMutation	105	611074	50952	DatabaseIdentifier	1655447	COSV66462153	1500689	48887
BRCA2 G106*	50952	1	105	70101	NonsenseMutation	106	611092	50952	DatabaseIdentifier	1655447	COSV66454387	1500689	48887
BRCA2 K178*	50952	1	177	70101	NonsenseMutation	178	611065	50952	DatabaseIdentifier	1655447	COSV66462962	1500689	48887
BRCA2 E187*	50952	1	186	70101	NonsenseMutation	187	611100	50952	DatabaseIdentifier	1655447	COSV66455592	1500689	48887
BRCA2 K230*	50952	1	229	70101	NonsenseMutation	230	611065	50952	DatabaseIdentifier	1655447	COSV101204525	1500689	48887
BRCA2 E294*	50952	1	293	70101	NonsenseMutation	294	611100	50952	DatabaseIdentifier	1655447	COSV101204561	1500689	48887
BRCA2 E305*	50952	1	304	70101	NonsenseMutation	305	611100	50952	DatabaseIdentifier	1655447	COSV104430681	1500689	48887
BRCA2 S353*	50952	1	352	70101	NonsenseMutation	353	611079	50952	DatabaseIdentifier	1655447	COSV101204193	1500689	48887
BRCA2 Q373*	50952	1	372	70101	NonsenseMutation	373	611061	50952	DatabaseIdentifier	1655447	COSV99061731|COSM7335723	1500689	48887
BRCA2 G405*	50952	1	404	70101	NonsenseMutation	405	611092	50952	DatabaseIdentifier	1655447	COSV66465255	1500689	48887
BRCA2 E409*	50952	1	408	70101	NonsenseMutation	409	611100	50952	DatabaseIdentifier	1655447	COSV66464253	1500689	48887
BRCA2 K467*	50952	1	466	70101	NonsenseMutation	467	611065	50952	DatabaseIdentifier	1655447	COSV104430703	1500689	48887
BRCA2 E475*	50952	1	474	70101	NonsenseMutation	475	611100	50952	DatabaseIdentifier	1655447	COSV66451186	1500689	48887
BRCA2 Q499*	50952	1	498	70101	NonsenseMutation	499	611061	50952	DatabaseIdentifier	1655447	COSV66454222	1500689	48887
BRCA2 E510*	50952	1	509	70101	NonsenseMutation	510	611100	50952	DatabaseIdentifier	1655447	COSV66448948	1500689	48887
BRCA2 L553*	50952	1	552	70101	NonsenseMutation	553	611074	50952	DatabaseIdentifier	1655447	COSV104701407	1500689	48887
BRCA2 G561*	50952	1	560	70101	NonsenseMutation	561	611092	50952	DatabaseIdentifier	1655447	COSV66464260	1500689	48887
BRCA2 K604*	50952	1	603	70101	NonsenseMutation	604	611065	50952	DatabaseIdentifier	1655447	COSV66458247	1500689	48887
BRCA2 Q609*	50952	1	608	70101	NonsenseMutation	609	611061	50952	DatabaseIdentifier	1655447	COSV66463486	1500689	48887
BRCA2 S611*	50952	1	610	70101	NonsenseMutation	611	611079	50952	DatabaseIdentifier	1655447	COSV66459757	1500689	48887
BRCA2 L638*	50952	1	637	70101	NonsenseMutation	638	611074	50952	DatabaseIdentifier	1655447	COSV66464836	1500689	48887
BRCA2 S648*	50952	1	647	70101	NonsenseMutation	648	611079	50952	DatabaseIdentifier	1655447	COSV66465668	1500689	48887
BRCA2 E654*	50952	1	653	70101	NonsenseMutation	654	611100	50952	DatabaseIdentifier	1655447	COSV66461317	1500689	48887
BRCA2 C711*	50952	1	710	70101	NonsenseMutation	711	611077	50952	DatabaseIdentifier	1655447	COSV66461934	1500689	48887
BRCA2 S744*	50952	1	743	70101	NonsenseMutation	744	611079	50952	DatabaseIdentifier	1655447	COSV104701293	1500689	48887
BRCA2 Q754*	50952	1	753	70101	NonsenseMutation	754	611061	50952	DatabaseIdentifier	1655447	COSV101203932	1500689	48887
BRCA2 Y803*	50952	1	802	70101	NonsenseMutation	803	611091	50952	DatabaseIdentifier	1655447	COSV104701427	1500689	48887
BRCA2 E808*	50952	1	807	70101	NonsenseMutation	808	611100	50952	DatabaseIdentifier	1655447	COSV66459249	1500689	48887
BRCA2 E826*	50952	1	825	70101	NonsenseMutation	826	611100	50952	DatabaseIdentifier	1655447	COSV66450764	1500689	48887
BRCA2 E865*	50952	1	864	70101	NonsenseMutation	865	611100	50952	DatabaseIdentifier	1655447	COSV101204327	1500689	48887
BRCA2 E866*	50952	1	865	70101	NonsenseMutation	866	611100	50952	DatabaseIdentifier	1655447	COSV104430682	1500689	48887
BRCA2 S871*	50952	1	870	70101	NonsenseMutation	871	611079	50952	DatabaseIdentifier	1655447	COSV66461918	1500689	48887
BRCA2 E880*	50952	1	879	70101	NonsenseMutation	880	611100	50952	DatabaseIdentifier	1655447	COSM23951	1500689	48887
BRCA2 Q893*	50952	1	892	70101	NonsenseMutation	893	611061	50952	DatabaseIdentifier	1655447	COSV66452413	1500689	48887
BRCA2 E897*	50952	1	896	70101	NonsenseMutation	897	611100	50952	DatabaseIdentifier	1655447	COSV66448966	1500689	48887
BRCA2 G904*	50952	1	903	70101	NonsenseMutation	904	611092	50952	DatabaseIdentifier	1655447	COSV101203874	1500689	48887
BRCA2 K944*	50952	1	943	70101	NonsenseMutation	944	611065	50952	DatabaseIdentifier	1655447	COSM5985659|COSV66450359	1500689	48887
BRCA2 G995*	50952	1	994	70101	NonsenseMutation	995	611092	50952	DatabaseIdentifier	1655447	COSV101203891	1500689	48887
BRCA2 G1006*	50952	1	1005	70101	NonsenseMutation	1006	611092	50952	DatabaseIdentifier	1655447	COSM9501642	1500689	48887
BRCA2 S1013*	50952	1	1012	70101	NonsenseMutation	1013	611079	50952	DatabaseIdentifier	1655447	COSV66447642	1500689	48887
BRCA2 Q1063*	50952	1	1062	70101	NonsenseMutation	1063	611061	50952	DatabaseIdentifier	1655447	COSV66451422	1500689	48887
BRCA2 S1064*	50952	1	1063	70101	NonsenseMutation	1064	611079	50952	DatabaseIdentifier	1655447	COSV66448023	1500689	48887
BRCA2 K1082*	50952	1	1081	70101	NonsenseMutation	1082	611065	50952	DatabaseIdentifier	1655447	COSM9118740	1500689	48887
BRCA2 S1099*	50952	1	1098	70101	NonsenseMutation	1099	611079	50952	DatabaseIdentifier	1655447	COSV101203844|COSV66456417	1500689	48887
BRCA2 E1113*	50952	1	1112	70101	NonsenseMutation	1113	611100	50952	DatabaseIdentifier	1655447	COSV66453314	1500689	48887
BRCA2 E1120*	50952	1	1119	70101	NonsenseMutation	1120	611100	50952	DatabaseIdentifier	1655447	COSV101204743	1500689	48887
BRCA2 G1122*	50952	1	1121	70101	NonsenseMutation	1122	611092	50952	DatabaseIdentifier	1655447	COSV101204198	1500689	48887
BRCA2 Q1124*	50952	1	1123	70101	NonsenseMutation	1124	611061	50952	DatabaseIdentifier	1655447	COSV66448628	1500689	48887
BRCA2 Q1175*	50952	1	1174	70101	NonsenseMutation	1175	611061	50952	DatabaseIdentifier	1655447	COSV99061720	1500689	48887
BRCA2 L1208*	50952	1	1207	70101	NonsenseMutation	1208	611074	50952	DatabaseIdentifier	1655447	COSV66456855	1500689	48887
BRCA2 S1271*	50952	1	1270	70101	NonsenseMutation	1271	611079	50952	DatabaseIdentifier	1655447	COSV66454571	1500689	48887
BRCA2 E1276*	50952	1	1275	70101	NonsenseMutation	1276	611100	50952	DatabaseIdentifier	1655447	COSV101204452	1500689	48887
BRCA2 E1285*	50952	1	1284	70101	NonsenseMutation	1285	611100	50952	DatabaseIdentifier	1655447	COSV101204263	1500689	48887
BRCA2 S1385*	50952	1	1384	70101	NonsenseMutation	1385	611079	50952	DatabaseIdentifier	1655447	COSV66461164	1500689	48887
BRCA2 Q1429*	50952	1	1428	70101	NonsenseMutation	1429	611061	50952	DatabaseIdentifier	1655447	COSM9501783	1500689	48887
BRCA2 E1441*	50952	1	1440	70101	NonsenseMutation	1441	611100	50952	DatabaseIdentifier	1655447	COSV66448570	1500689	48887
BRCA2 S1442*	50952	1	1441	70101	NonsenseMutation	1442	611079	50952	DatabaseIdentifier	1655447	COSV66451608	1500689	48887
BRCA2 Q1452*	50952	1	1451	70101	NonsenseMutation	1452	611061	50952	DatabaseIdentifier	1655447	COSV99061729	1500689	48887
BRCA2 K1453*	50952	1	1452	70101	NonsenseMutation	1453	611065	50952	DatabaseIdentifier	1655447	COSV66455097	1500689	48887
BRCA2 E1493*	50952	1	1492	70101	NonsenseMutation	1493	611100	50952	DatabaseIdentifier	1655447	COSV66450240	1500689	48887
BRCA2 E1514*	50952	1	1513	70101	NonsenseMutation	1514	611100	50952	DatabaseIdentifier	1655447	COSV66455611	1500689	48887
BRCA2 K1515*	50952	1	1514	70101	NonsenseMutation	1515	611065	50952	DatabaseIdentifier	1655447	COSV66462540	1500689	48887
BRCA2 E1518*	50952	1	1517	70101	NonsenseMutation	1518	611100	50952	DatabaseIdentifier	1655447	COSV66458002	1500689	48887
BRCA2 Q1551*	50952	1	1550	70101	NonsenseMutation	1551	611061	50952	DatabaseIdentifier	1655447	COSV66462129	1500689	48887
BRCA2 E1555*	50952	1	1554	70101	NonsenseMutation	1555	611100	50952	DatabaseIdentifier	1655447	COSV66447920	1500689	48887
BRCA2 Q1562*	50952	1	1561	70101	NonsenseMutation	1562	611061	50952	DatabaseIdentifier	1655447	COSV101204461	1500689	48887
BRCA2 E1581*	50952	1	1580	70101	NonsenseMutation	1581	611100	50952	DatabaseIdentifier	1655447	COSV66464144	1500689	48887
BRCA2 E1593*	50952	1	1592	70101	NonsenseMutation	1593	611100	50952	DatabaseIdentifier	1655447	COSV66463787	1500689	48887
BRCA2 S1630*	50952	1	1629	70101	NonsenseMutation	1630	611079	50952	DatabaseIdentifier	1655447	COSV66461715	1500689	48887
BRCA2 E1646*	50952	1	1645	70101	NonsenseMutation	1646	611100	50952	DatabaseIdentifier	1655447	COSV104430692	1500689	48887
BRCA2 K1649*	50952	1	1648	70101	NonsenseMutation	1649	611065	50952	DatabaseIdentifier	1655447	COSV66453234	1500689	48887
BRCA2 Q1658*	50952	1	1657	70101	NonsenseMutation	1658	611061	50952	DatabaseIdentifier	1655447	COSV66463373	1500689	48887
BRCA2 E1688*	50952	1	1687	70101	NonsenseMutation	1688	611100	50952	DatabaseIdentifier	1655447	COSV101204522	1500689	48887
BRCA2 Y1714*	50952	1	1713	70101	NonsenseMutation	1714	611091	50952	DatabaseIdentifier	1655447	COSV66454466	1500689	48887
BRCA2 E1717*	50952	1	1716	70101	NonsenseMutation	1717	611100	50952	DatabaseIdentifier	1655447	COSV104430707	1500689	48887
BRCA2 S1720*	50952	1	1719	70101	NonsenseMutation	1720	611079	50952	DatabaseIdentifier	1655447	COSM6024180	1500689	48887
BRCA2 L1740*	50952	1	1739	70101	NonsenseMutation	1740	611074	50952	DatabaseIdentifier	1655447	COSV101204166	1500689	48887
BRCA2 Y1762*	50952	1	1761	70101	NonsenseMutation	1762	611091	50952	DatabaseIdentifier	1655447	COSM9361245	1500689	48887
BRCA2 E1812*	50952	1	1811	70101	NonsenseMutation	1812	611100	50952	DatabaseIdentifier	1655447	COSV66452283	1500689	48887
BRCA2 K1860*	50952	1	1859	70101	NonsenseMutation	1860	611065	50952	DatabaseIdentifier	1655447	COSV66450671	1500689	48887
BRCA2 K1872*	50952	1	1871	70101	NonsenseMutation	1872	611065	50952	DatabaseIdentifier	1655447	COSM5945845	1500689	48887
BRCA2 S1882*	50952	1	1881	70101	NonsenseMutation	1882	611079	50952	DatabaseIdentifier	1655447	COSV66450717|COSV101203821	1500689	48887
BRCA2 Y1894*	50952	1	1893	70101	NonsenseMutation	1894	611091	50952	DatabaseIdentifier	1655447	COSV99061686	1500689	48887
BRCA2 L1952*	50952	1	1951	70101	NonsenseMutation	1952	611074	50952	DatabaseIdentifier	1655447	COSV104701368	1500689	48887
BRCA2 S1968*	50952	1	1967	70101	NonsenseMutation	1968	611079	50952	DatabaseIdentifier	1655447	COSV66459786	1500689	48887
BRCA2 Q1987*	50952	1	1986	70101	NonsenseMutation	1987	611061	50952	DatabaseIdentifier	1655447	COSV66450926	1500689	48887
BRCA2 Q1998*	50952	1	1997	70101	NonsenseMutation	1998	611061	50952	DatabaseIdentifier	1655447	COSV66464749	1500689	48887
BRCA2 Q2024*	50952	1	2023	70101	NonsenseMutation	2024	611061	50952	DatabaseIdentifier	1655447	COSV66463401	1500689	48887
BRCA2 E2028*	50952	1	2027	70101	NonsenseMutation	2028	611100	50952	DatabaseIdentifier	1655447	COSV66462757	1500689	48887
BRCA2 S2052*	50952	1	2051	70101	NonsenseMutation	2052	611079	50952	DatabaseIdentifier	1655447	COSV66454585	1500689	48887
BRCA2 S2095*	50952	1	2094	70101	NonsenseMutation	2095	611079	50952	DatabaseIdentifier	1655447	COSV66455549	1500689	48887
BRCA2 E2129*	50952	1	2128	70101	NonsenseMutation	2129	611100	50952	DatabaseIdentifier	1655447	COSV66449661	1500689	48887
BRCA2 Q2159*	50952	1	2158	70101	NonsenseMutation	2159	611061	50952	DatabaseIdentifier	1655447	COSV66453014	1500689	48887
BRCA2 G2281*	50952	1	2280	70101	NonsenseMutation	2281	611092	50952	DatabaseIdentifier	1655447	COSV101203882	1500689	48887
BRCA2 R2318*	50952	1	2317	70101	NonsenseMutation	2318	611090	50952	DatabaseIdentifier	1655447	COSV66459219	1500689	48887
BRCA2 Q2354*	50952	1	2353	70101	NonsenseMutation	2354	611061	50952	DatabaseIdentifier	1655447	COSV66447831|COSM9501785	1500689	48887
BRCA2 L2362*	50952	1	2361	70101	NonsenseMutation	2362	611074	50952	DatabaseIdentifier	1655447	COSV101204833	1500689	48887
BRCA2 S2372*	50952	1	2371	70101	NonsenseMutation	2372	611079	50952	DatabaseIdentifier	1655447	COSV101204598	1500689	48887
BRCA2 L2375*	50952	1	2374	70101	NonsenseMutation	2375	611074	50952	DatabaseIdentifier	1655447	COSV66457662	1500689	48887
BRCA2 K2392*	50952	1	2391	70101	NonsenseMutation	2392	611065	50952	DatabaseIdentifier	1655447	COSV66462722	1500689	48887
BRCA2 R2401*	50952	1	2400	70101	NonsenseMutation	2401	611090	50952	DatabaseIdentifier	1655447	COSV99061717	1500689	48887
BRCA2 C2422*	50952	1	2421	70101	NonsenseMutation	2422	611077	50952	DatabaseIdentifier	1655447	COSV66454708	1500689	48887
BRCA2 L2428*	50952	1	2427	70101	NonsenseMutation	2428	611074	50952	DatabaseIdentifier	1655447	COSV66453710	1500689	48887
BRCA2 E2474*	50952	1	2473	70101	NonsenseMutation	2474	611100	50952	DatabaseIdentifier	1655447	COSV66452919	1500689	48887
BRCA2 E2476*	50952	1	2475	70101	NonsenseMutation	2476	611100	50952	DatabaseIdentifier	1655447	COSV66448975	1500689	48887
BRCA2 R2520*	50952	1	2519	70101	NonsenseMutation	2520	611090	50952	DatabaseIdentifier	1655447	COSV66450365	1500689	48887
BRCA2 K2555*	50952	1	2554	70101	NonsenseMutation	2555	611065	50952	DatabaseIdentifier	1655447	COSV66457006	1500689	48887
BRCA2 K2570*	50952	1	2569	70101	NonsenseMutation	2570	611065	50952	DatabaseIdentifier	1655447	COSV66456268	1500689	48887
BRCA2 E2571*	50952	1	2570	70101	NonsenseMutation	2571	611100	50952	DatabaseIdentifier	1655447	COSV66451947	1500689	48887
BRCA2 W2586*	50952	1	2585	70101	NonsenseMutation	2586	611097	50952	DatabaseIdentifier	1655447	COSV66462892	1500689	48887
BRCA2 G2593*	50952	1	2592	70101	NonsenseMutation	2593	611092	50952	DatabaseIdentifier	1655447	COSV66455515	1500689	48887
BRCA2 E2599*	50952	1	2598	70101	NonsenseMutation	2599	611100	50952	DatabaseIdentifier	1655447	COSV66457437	1500689	48887
BRCA2 R2625*	50952	1	2624	70101	NonsenseMutation	2625	611090	50952	DatabaseIdentifier	1655447	COSV101204703	1500689	48887
BRCA2 S2695*	50952	1	2694	70101	NonsenseMutation	2695	611079	50952	DatabaseIdentifier	1655447	COSV66456629	1500689	48887
BRCA2 L2696*	50952	1	2695	70101	NonsenseMutation	2696	611074	50952	DatabaseIdentifier	1655447	COSV66462004	1500689	48887
BRCA2 Q2731*	50952	1	2730	70101	NonsenseMutation	2731	611061	50952	DatabaseIdentifier	1655447	COSV66449420	1500689	48887
BRCA2 Q2749*	50952	1	2748	70101	NonsenseMutation	2749	611061	50952	DatabaseIdentifier	1655447	COSV101204607	1500689	48887
BRCA2 Q2823*	50952	1	2822	70101	NonsenseMutation	2823	611061	50952	DatabaseIdentifier	1655447	COSV66457031	1500689	48887
BRCA2 S2835*	50952	1	2834	70101	NonsenseMutation	2835	611079	50952	DatabaseIdentifier	1655447	COSV66448541	1500689	48887
BRCA2 G2837*	50952	1	2836	70101	NonsenseMutation	2837	611092	50952	DatabaseIdentifier	1655447	COSV66461519	1500689	48887
BRCA2 E2863*	50952	1	2862	70101	NonsenseMutation	2863	611100	50952	DatabaseIdentifier	1655447	COSV66462952	1500689	48887
BRCA2 Q2870*	50952	1	2869	70101	NonsenseMutation	2870	611061	50952	DatabaseIdentifier	1655447	COSV66463224	1500689	48887
BRCA2 E2872*	50952	1	2871	70101	NonsenseMutation	2872	611100	50952	DatabaseIdentifier	1655447	COSV66465493	1500689	48887
BRCA2 Y2884*	50952	1	2883	70101	NonsenseMutation	2884	611091	50952	DatabaseIdentifier	1655447	COSV66457292	1500689	48887
BRCA2 E2906*	50952	1	2905	70101	NonsenseMutation	2906	611100	50952	DatabaseIdentifier	1655447	COSV66463511	1500689	48887
BRCA2 L2926*	50952	1	2925	70101	NonsenseMutation	2926	611074	50952	DatabaseIdentifier	1655447	COSV66460540	1500689	48887
BRCA2 E2956*	50952	1	2955	70101	NonsenseMutation	2956	611100	50952	DatabaseIdentifier	1655447	COSV66459473	1500689	48887
BRCA2 E2959*	50952	1	2958	70101	NonsenseMutation	2959	611100	50952	DatabaseIdentifier	1655447	COSV66465360	1500689	48887
BRCA2 W2970*	50952	1	2969	70101	NonsenseMutation	2970	611097	50952	DatabaseIdentifier	1655447	COSV101204649|COSV66459571	1500689	48887
BRCA2 Y2977*	50952	1	2976	70101	NonsenseMutation	2977	611091	50952	DatabaseIdentifier	1655447	COSV66448765	1500689	48887
BRCA2 S2978*	50952	1	2977	70101	NonsenseMutation	2978	611079	50952	DatabaseIdentifier	1655447	COSV66449168	1500689	48887
BRCA2 S2994*	50952	1	2993	70101	NonsenseMutation	2994	611079	50952	DatabaseIdentifier	1655447	COSV66453297	1500689	48887
BRCA2 Y2997*	50952	1	2996	70101	NonsenseMutation	2997	611091	50952	DatabaseIdentifier	1655447	COSV66447999	1500689	48887
BRCA2 Y3006*	50952	1	3005	70101	NonsenseMutation	3006	611091	50952	DatabaseIdentifier	1655447	COSV66457732	1500689	48887
BRCA2 K3015*	50952	1	3014	70101	NonsenseMutation	3015	611065	50952	DatabaseIdentifier	1655447	COSV101203794	1500689	48887
BRCA2 Q3026*	50952	1	3025	70101	NonsenseMutation	3026	611061	50952	DatabaseIdentifier	1655447	COSV66459364	1500689	48887
BRCA2 K3032*	50952	1	3031	70101	NonsenseMutation	3032	611065	50952	DatabaseIdentifier	1655447	COSV66464456	1500689	48887
BRCA2 Q3036*	50952	1	3035	70101	NonsenseMutation	3036	611061	50952	DatabaseIdentifier	1655447	COSV101204028	1500689	48887
BRCA2 E3053*	50952	1	3052	70101	NonsenseMutation	3053	611100	50952	DatabaseIdentifier	1655447	COSV104701339	1500689	48887
BRCA2 Q3066*	50952	1	3065	70101	NonsenseMutation	3066	611061	50952	DatabaseIdentifier	1655447	COSV66457539	1500689	48887
BRCA2 E3071*	50952	1	3070	70101	NonsenseMutation	3071	611100	50952	DatabaseIdentifier	1655447	COSV66460724	1500689	48887
BRCA2 E3111*	50952	1	3110	70101	NonsenseMutation	3111	611100	50952	DatabaseIdentifier	1655447	COSV66462109	1500689	48887
BRCA2 R3128*	50952	1	3127	70101	NonsenseMutation	3128	611090	50952	DatabaseIdentifier	1655447	COSV66461429|COSM4603643	1500689	48887
BRCA2 S3231*	50952	1	3230	70101	NonsenseMutation	3231	611079	50952	DatabaseIdentifier	1655447	COSV66337532	1500689	48887
BRCA2 S3245*	50952	1	3244	70101	NonsenseMutation	3245	611079	50952	DatabaseIdentifier	1655447	COSV66337664	1500689	48887